﻿<?xml version="1.0" encoding="utf-8"?>
<WadSounds xmlns:xsi="http://www.w3.org/2001/XMLSchema-instance" xmlns:xsd="http://www.w3.org/2001/XMLSchema">
	<SoundInfos>
		<WadSoundInfo>
			<Id>152</Id>
			<Name>QUAD_START</Name>
			<Volume>80</Volume>
			<RangeInSectors>10</RangeInSectors>
			<Chance>100</Chance>
			<PitchFactor>-30</PitchFactor>
			<DisablePanning>false</DisablePanning>
			<RandomizePitch>false</RandomizePitch>
			<RandomizeVolume>false</RandomizeVolume>
			<LoopBehaviour>None</LoopBehaviour>
			<Samples>
				<WadSample>
					<FileName>quad_stt.wav</FileName>
				</WadSample>
			</Samples>
			<Global>false</Global>
			<Indexed>true</Indexed>
		</WadSoundInfo>
		<WadSoundInfo>
			<Id>153</Id>
			<Name>QUAD_IDLE</Name>
			<Volume>70</Volume>
			<RangeInSectors>10</RangeInSectors>
			<Chance>100</Chance>
			<PitchFactor>-30</PitchFactor>
			<DisablePanning>false</DisablePanning>
			<RandomizePitch>false</RandomizePitch>
			<RandomizeVolume>false</RandomizeVolume>
			<LoopBehaviour>Looped</LoopBehaviour>
			<Samples>
				<WadSample>
					<FileName>quad_idl.wav</FileName>
				</WadSample>
			</Samples>
			<Global>true</Global>
			<Indexed>true</Indexed>
		</WadSoundInfo>
		<WadSoundInfo>
			<Id>154</Id>
			<Name>QUAD_ACCELERATE</Name>
			<Volume>60</Volume>
			<RangeInSectors>10</RangeInSectors>
			<Chance>100</Chance>
			<PitchFactor>-30</PitchFactor>
			<DisablePanning>false</DisablePanning>
			<RandomizePitch>false</RandomizePitch>
			<RandomizeVolume>false</RandomizeVolume>
			<LoopBehaviour>None</LoopBehaviour>
			<Samples>
				<WadSample>
					<FileName>quad_rev.wav</FileName>
				</WadSample>
			</Samples>
			<Global>false</Global>
			<Indexed>true</Indexed>
		</WadSoundInfo>
		<WadSoundInfo>
			<Id>155</Id>
			<Name>QUAD_MOVE</Name>
			<Volume>60</Volume>
			<RangeInSectors>10</RangeInSectors>
			<Chance>100</Chance>
			<PitchFactor>-30</PitchFactor>
			<DisablePanning>false</DisablePanning>
			<RandomizePitch>false</RandomizePitch>
			<RandomizeVolume>false</RandomizeVolume>
			<LoopBehaviour>Looped</LoopBehaviour>
			<Samples>
				<WadSample>
					<FileName>quad_mve.wav</FileName>
				</WadSample>
			</Samples>
			<Global>true</Global>
			<Indexed>true</Indexed>
		</WadSoundInfo>
		<WadSoundInfo>
			<Id>156</Id>
			<Name>QUAD_STOP</Name>
			<Volume>80</Volume>
			<RangeInSectors>10</RangeInSectors>
			<Chance>100</Chance>
			<PitchFactor>-30</PitchFactor>
			<DisablePanning>false</DisablePanning>
			<RandomizePitch>false</RandomizePitch>
			<RandomizeVolume>false</RandomizeVolume>
			<LoopBehaviour>None</LoopBehaviour>
			<Samples>
				<WadSample>
					<FileName>quad_stp.wav</FileName>
				</WadSample>
			</Samples>
			<Global>false</Global>
			<Indexed>true</Indexed>
		</WadSoundInfo>
		<WadSoundInfo>
			<Id>201</Id>
			<Name>QUAD_SIDE_IMPACT</Name>
			<Volume>60</Volume>
			<RangeInSectors>10</RangeInSectors>
			<Chance>100</Chance>
			<PitchFactor>-10</PitchFactor>
			<DisablePanning>false</DisablePanning>
			<RandomizePitch>true</RandomizePitch>
			<RandomizeVolume>true</RandomizeVolume>
			<LoopBehaviour>None</LoopBehaviour>
			<Samples>
				<WadSample>
					<FileName>quad_si.wav</FileName>
				</WadSample>
			</Samples>
			<Global>false</Global>
			<Indexed>true</Indexed>
		</WadSoundInfo>
		<WadSoundInfo>
			<Id>202</Id>
			<Name>QUAD_FRONT_IMPACT</Name>
			<Volume>70</Volume>
			<RangeInSectors>10</RangeInSectors>
			<Chance>100</Chance>
			<PitchFactor>-20</PitchFactor>
			<DisablePanning>false</DisablePanning>
			<RandomizePitch>true</RandomizePitch>
			<RandomizeVolume>true</RandomizeVolume>
			<LoopBehaviour>None</LoopBehaviour>
			<Samples>
				<WadSample>
					<FileName>quad_fi.wav</FileName>
				</WadSample>
			</Samples>
			<Global>true</Global>
			<Indexed>true</Indexed>
		</WadSoundInfo>
		<WadSoundInfo>
			<Id>203</Id>
			<Name>QUAD_LAND</Name>
			<Volume>90</Volume>
			<RangeInSectors>10</RangeInSectors>
			<Chance>100</Chance>
			<PitchFactor>-20</PitchFactor>
			<DisablePanning>false</DisablePanning>
			<RandomizePitch>true</RandomizePitch>
			<RandomizeVolume>true</RandomizeVolume>
			<LoopBehaviour>None</LoopBehaviour>
			<Samples>
				<WadSample>
					<FileName>quad_lnd.wav</FileName>
				</WadSample>
			</Samples>
			<Global>false</Global>
			<Indexed>true</Indexed>
		</WadSoundInfo>
	</SoundInfos>
</WadSounds>