﻿<?xml version="1.0" encoding="utf-8"?>
<WadSounds xmlns:xsi="http://www.w3.org/2001/XMLSchema-instance" xmlns:xsd="http://www.w3.org/2001/XMLSchema">
	<SoundInfos>
		<WadSoundInfo>
			<Id>209</Id>
			<Name>SUBSUIT_ENGINE_LOOP</Name>
			<Volume>80</Volume>
			<RangeInSectors>8</RangeInSectors>
			<Chance>100</Chance>
			<PitchFactor>10</PitchFactor>
			<DisablePanning>false</DisablePanning>
			<RandomizePitch>true</RandomizePitch>
			<RandomizeVolume>false</RandomizeVolume>
			<LoopBehaviour>Looped</LoopBehaviour>
			<Samples>
				<WadSample>
					<FileName>l_uwsuit.wav</FileName>
				</WadSample>
			</Samples>
			<Global>false</Global>
			<Indexed>false</Indexed>
		</WadSoundInfo>
		<WadSoundInfo>
			<Id>244</Id>
			<Name>SUBSUIT_METAL_CLASH</Name>
			<Volume>50</Volume>
			<RangeInSectors>20</RangeInSectors>
			<Chance>100</Chance>
			<PitchFactor>45</PitchFactor>
			<DisablePanning>false</DisablePanning>
			<RandomizePitch>true</RandomizePitch>
			<RandomizeVolume>true</RandomizeVolume>
			<LoopBehaviour>None</LoopBehaviour>
			<Samples>
				<WadSample>
					<FileName>swimbang.wav</FileName>
				</WadSample>
			</Samples>
			<Global>false</Global>
			<Indexed>false</Indexed>
		</WadSoundInfo>
		<WadSoundInfo>
			<Id>246</Id>
			<Name>SUBSUIT_LARA_BREATHE</Name>
			<Volume>40</Volume>
			<RangeInSectors>10</RangeInSectors>
			<Chance>100</Chance>
			<PitchFactor>15</PitchFactor>
			<DisablePanning>false</DisablePanning>
			<RandomizePitch>false</RandomizePitch>
			<RandomizeVolume>false</RandomizeVolume>
			<LoopBehaviour>None</LoopBehaviour>
			<Samples>
				<WadSample>
					<FileName>subbrthe.wav</FileName>
				</WadSample>
			</Samples>
			<Global>false</Global>
			<Indexed>false</Indexed>
		</WadSoundInfo>
		<WadSoundInfo>
			<Id>346</Id>
			<Name>SUB_LOOP</Name>
			<Volume>60</Volume>
			<RangeInSectors>10</RangeInSectors>
			<Chance>100</Chance>
			<PitchFactor>0</PitchFactor>
			<DisablePanning>false</DisablePanning>
			<RandomizePitch>false</RandomizePitch>
			<RandomizeVolume>false</RandomizeVolume>
			<LoopBehaviour>Looped</LoopBehaviour>
			<Samples>
				<WadSample>
					<FileName>sub_loop.wav</FileName>
				</WadSample>
			</Samples>
			<Global>true</Global>
			<Indexed>true</Indexed>
		</WadSoundInfo>
		<WadSoundInfo>
			<Id>347</Id>
			<Name>SUB_START</Name>
			<Volume>60</Volume>
			<RangeInSectors>10</RangeInSectors>
			<Chance>100</Chance>
			<PitchFactor>0</PitchFactor>
			<DisablePanning>false</DisablePanning>
			<RandomizePitch>false</RandomizePitch>
			<RandomizeVolume>false</RandomizeVolume>
			<LoopBehaviour>None</LoopBehaviour>
			<Samples>
				<WadSample>
					<FileName>sub_st.wav</FileName>
				</WadSample>
			</Samples>
			<Global>true</Global>
			<Indexed>true</Indexed>
		</WadSoundInfo>
		<WadSoundInfo>
			<Id>348</Id>
			<Name>SUB_STOP</Name>
			<Volume>60</Volume>
			<RangeInSectors>10</RangeInSectors>
			<Chance>100</Chance>
			<PitchFactor>0</PitchFactor>
			<DisablePanning>false</DisablePanning>
			<RandomizePitch>false</RandomizePitch>
			<RandomizeVolume>false</RandomizeVolume>
			<LoopBehaviour>None</LoopBehaviour>
			<Samples>
				<WadSample>
					<FileName>sub_stp.wav</FileName>
				</WadSample>
			</Samples>
			<Global>true</Global>
			<Indexed>true</Indexed>
		</WadSoundInfo>
	</SoundInfos>
</WadSounds>